[
    {
        "family_name": "Unlimited Turbo",
        "family_code": "08a3b1e6-8e78-4e45-a540-b40f06871cfe",
        "is_enterprise": false,
        "variant_name": "For Xtra Combo",
        "option_name": "TikTok",
        "order": 6
    },
    {
        "family_name": "Newcomer Promo",
        "family_code": "6bc5a34d-7901-4bf9-8629-5bd7de28c89f",
        "is_enterprise": false,
        "variant_name": "Xtra Combo",
        "option_name": "1GB + 1GB",
        "order": 1
    },
    {
        "family_name": "Video & Music",
        "family_code": "b50cef3e-fcd0-4699-83a9-6f5740b7ef31",
        "is_enterprise": false,
        "variant_name": "Vidio",
        "option_name": "Vidio",
        "order": 1
    }
]